keyword,language_group
mindmap,en_core
mind map,en_core
mind mapping,en_core
mind mapper,en_core
mind map generator,en_core
ai mind map,en_core
ai mind map generator,en_core
mind map ai,en_core
concept map,en_core
conceptual map,en_core
mapa mental,es_core
mapa conceptual,es_core
mapas conceptuales,es
mapa conceptual ia,es
mapa conceptual la,es
ia para crear mapas conceptuales,es
para hacer mapas conceptuales,es
mejor herramienta para hacer resúmenes académicos,es
hacer mapas mentales de un pdf,es
ia mapa mental,es
mapa conceptual con la,es
マインドマップ,ja_core
マインドマップai,ja
youtube文字起こしマインドマップ,ja
концептуальная карта,ru
ментальная карта,ru
создать ментальную карту,ru
auto mind map maker,en_longtail
generate mind map from text,en_longtail
deepseek plain text into graphical representation,en_longtail
create concept map with ai,en_longtail
best ai to summarize into mindmap,en_longtail
make mind map from paragraph,en_longtail
convert my pdf back into mind format,en_longtail
pdf to mind map,en_longtail
export mind map to markdown,en_longtail
markdown格式如何转换成思维导图,zh_cn
para hacer mapa mental de un pdf,es
crear un mapa conceptual de un pdf,es
transcript youtube video to mind map,en_youtube
youtube transcript into mind map,en_youtube
extract mind map from youtube video,en_youtube
transkript yt ke teks rangkuman,id
transkrip,id
every action here there and every reaction,en_longtail
ed sync mindmap,en_longtail
mind map vocabulary,en_longtail
sketched ai mindmap,en_longtail
mind map questions,en_longtail
sigmund freud psychoanalytic theory mindmap,en_longtail
best teranga berpikir online,id
resumi video youtube,es
resumir ia,es
esquemas la,es
ia analyse de planilha para gerar um caso,pt
ai uluk rangkuman buku novel,id
best tool to make mind map,en_blog
free mind map maker online,en_blog
online mind map generator,en_blog
metaplan area network mindmap,en_blog
tool to summarize text into mind map,en_blog
herramienta para hacer mapas conceptuales gratis,es_blog
herramienta para mapas mentales online,es_blog
am an interesting person based on my twitter account,en_longtail
transkript youtube,en_youtube
pagina de la que me puede reproducir un mapa mental,es
la para crear mapas conceptuales,es
melhor para fazer resumos académicos,pt
tom tit video youtube,pt
transcrip yt ke teks rangkuman,id
deepseek plain text into graphical representation,en_longtail
crear un mapa conceptual,es
con que ia se pueden generar mapas mentales a partir de,es
al per mapa conceptual,es
resumin video youtube,es
resumir sia,es
esquemas ma,es
mind map generator,en_longtail
web video youtube,en_youtube
mappe ai,en_longtail
ia mapa mental,es
youtube文字起こしダウンロード,ja
youtube音声テキストサイト,ja
youtubeの音声の全文を表示する機能ない,ja
youtube要約→forgetly,ja
ia para hacer mapas conceptuales con la,es
para hacer mapas conceptuales con la,es
ia de planilha para gerar um caso,pt
ai uluk rangkuman buku novel,id
